{
  "Total" : {
    "transaction" : "Total",
    "sampleCount" : 10000,
    "errorCount" : 0,
    "errorPct" : 0.0,
    "meanResTime" : 905.2005000000008,
    "medianResTime" : 648.0,
    "minResTime" : 3.0,
    "maxResTime" : 2690.0,
    "pct1ResTime" : 2080.0,
    "pct2ResTime" : 2228.949999999999,
    "pct3ResTime" : 2451.9699999999993,
    "throughput" : 2601.456815816857,
    "receivedKBytesPerSec" : 459.82781607700315,
    "sentKBytesPerSec" : 350.5869536940687
  },
  "HTTP Request" : {
    "transaction" : "HTTP Request",
    "sampleCount" : 10000,
    "errorCount" : 0,
    "errorPct" : 0.0,
    "meanResTime" : 905.2005000000008,
    "medianResTime" : 648.0,
    "minResTime" : 3.0,
    "maxResTime" : 2690.0,
    "pct1ResTime" : 2080.0,
    "pct2ResTime" : 2228.949999999999,
    "pct3ResTime" : 2451.9699999999993,
    "throughput" : 2601.456815816857,
    "receivedKBytesPerSec" : 459.82781607700315,
    "sentKBytesPerSec" : 350.5869536940687
  }
}